{"count":1,"gauges":{},"self":53.605062399999994,"total":61.2115011,"children":{"AgentResetIfDone":{"count":2987,"self":0.0790043,"total":0.0790043,"children":null},"AgentSendState":{"count":2987,"self":0.1900106,"total":0.4100241,"children":{"CollectObservations":{"count":2987,"self":0.2200135,"total":0.2200135,"children":null}}},"DecideAction":{"count":2987,"self":6.9904008,"total":6.9904011,"children":null},"AcademyStep":{"count":2987,"self":0.0310025,"total":0.0310025,"children":null},"AgentAct":{"count":2987,"self":0.0930053,"total":0.0930053,"children":null}}}